{
  "Consistency percentage": 1.0,
  "Mean diversity": 0.1330834574252367,
  "Mean difficulty": 16.346666666666664,
  "Std difficulty": 18.789945301794898,
  "Mean actions init": 0.0,
  "Std actions init": 0.0,
  "Mean actions goal": 0.0,
  "Std actions goal": 0.0,
  "Mean num objects": {
    "airplane": 2.46,
    "airport": 2.62,
    "city": 2.62,
    "location": 1.43,
    "object": 0.0,
    "package": 2.81,
    "thing": 0.0,
    "truck": 4.9,
    "vehicle": 0.0
  },
  "Std num objects": {
    "airplane": 1.5963708842245898,
    "airport": 0.8576712656956624,
    "city": 0.8576712656956624,
    "location": 2.074873490119337,
    "object": 0.0,
    "package": 1.8745399435594852,
    "thing": 0.0,
    "truck": 2.1517434791350016,
    "vehicle": 0.0
  },
  "Mean num atoms init": {
    "at": 10.17,
    "in": 0.0,
    "in-city": 4.05
  },
  "Std num atoms init": {
    "at": 2.069081922012756,
    "in": 0.0,
    "in-city": 1.9202864369671515
  },
  "Mean num atoms goal": {
    "at": 2.81,
    "in": 0.0,
    "in-city": 0.0
  },
  "Std num atoms goal": {
    "at": 1.8745399435594852,
    "in": 0.0,
    "in-city": 0.0
  },
  "Num unique consistent problems": 100,
  "Average score": 0.3350142022271865,
  "Generation time": 5.876142263412476,
  "Problem Results": {
    "problem_0.pddl": {
      "consistency": true,
      "difficulty": [
        1,
        1,
        1
      ],
      "diversity": 0.08165029436349869
    },
    "problem_1.pddl": {
      "consistency": true,
      "difficulty": [
        20,
        20,
        18
      ],
      "diversity": 0.11329047381877899
    },
    "problem_2.pddl": {
      "consistency": true,
      "difficulty": [
        17,
        10,
        10
      ],
      "diversity": 0.18152156472206116
    },
    "problem_3.pddl": {
      "consistency": true,
      "difficulty": [
        15,
        15,
        15
      ],
      "diversity": 0.18685752153396606
    },
    "problem_4.pddl": {
      "consistency": true,
      "difficulty": [
        28,
        27,
        26
      ],
      "diversity": 0.09139924496412277
    },
    "problem_5.pddl": {
      "consistency": true,
      "difficulty": [
        52,
        46,
        48
      ],
      "diversity": 0.21873299777507782
    },
    "problem_6.pddl": {
      "consistency": true,
      "difficulty": [
        7,
        7,
        7
      ],
      "diversity": 0.07933328300714493
    },
    "problem_7.pddl": {
      "consistency": true,
      "difficulty": [
        16,
        16,
        18
      ],
      "diversity": 0.11817757785320282
    },
    "problem_8.pddl": {
      "consistency": true,
      "difficulty": [
        12,
        12,
        13
      ],
      "diversity": 0.09951646625995636
    },
    "problem_9.pddl": {
      "consistency": true,
      "difficulty": [
        12,
        11,
        11
      ],
      "diversity": 0.09771446138620377
    },
    "problem_10.pddl": {
      "consistency": true,
      "difficulty": [
        5,
        6,
        6
      ],
      "diversity": 0.0725480243563652
    },
    "problem_11.pddl": {
      "consistency": true,
      "difficulty": [
        7,
        7,
        7
      ],
      "diversity": 0.24230889976024628
    },
    "problem_12.pddl": {
      "consistency": true,
      "difficulty": [
        1,
        1,
        1
      ],
      "diversity": 0.11613307148218155
    },
    "problem_13.pddl": {
      "consistency": true,
      "difficulty": [
        7,
        7,
        7
      ],
      "diversity": 0.08090194314718246
    },
    "problem_14.pddl": {
      "consistency": true,
      "difficulty": [
        39,
        32,
        32
      ],
      "diversity": 0.17658667266368866
    },
    "problem_15.pddl": {
      "consistency": true,
      "difficulty": [
        30,
        30,
        35
      ],
      "diversity": 0.10913224518299103
    },
    "problem_16.pddl": {
      "consistency": true,
      "difficulty": [
        24,
        22,
        22
      ],
      "diversity": 0.15174823999404907
    },
    "problem_17.pddl": {
      "consistency": true,
      "difficulty": [
        44,
        46,
        50
      ],
      "diversity": 0.1920412927865982
    },
    "problem_18.pddl": {
      "consistency": true,
      "difficulty": [
        21,
        21,
        21
      ],
      "diversity": 0.18920418620109558
    },
    "problem_19.pddl": {
      "consistency": true,
      "difficulty": [
        111,
        111,
        111
      ],
      "diversity": 0.20010021328926086
    },
    "problem_20.pddl": {
      "consistency": true,
      "difficulty": [
        6,
        6,
        6
      ],
      "diversity": 0.20962882041931152
    },
    "problem_21.pddl": {
      "consistency": true,
      "difficulty": [
        1,
        1,
        1
      ],
      "diversity": 0.18326249718666077
    },
    "problem_22.pddl": {
      "consistency": true,
      "difficulty": [
        95,
        65,
        70
      ],
      "diversity": 0.1630885899066925
    },
    "problem_23.pddl": {
      "consistency": true,
      "difficulty": [
        17,
        17,
        18
      ],
      "diversity": 0.11595170199871063
    },
    "problem_24.pddl": {
      "consistency": true,
      "difficulty": [
        9,
        7,
        7
      ],
      "diversity": 0.18452776968479156
    },
    "problem_25.pddl": {
      "consistency": true,
      "difficulty": [
        1,
        1,
        1
      ],
      "diversity": 0.09250140190124512
    },
    "problem_26.pddl": {
      "consistency": true,
      "difficulty": [
        7,
        7,
        7
      ],
      "diversity": 0.19809503853321075
    },
    "problem_27.pddl": {
      "consistency": true,
      "difficulty": [
        1,
        1,
        1
      ],
      "diversity": 0.09495426714420319
    },
    "problem_28.pddl": {
      "consistency": true,
      "difficulty": [
        28,
        22,
        27
      ],
      "diversity": 0.09104636311531067
    },
    "problem_29.pddl": {
      "consistency": true,
      "difficulty": [
        6,
        6,
        6
      ],
      "diversity": 0.19148579239845276
    },
    "problem_30.pddl": {
      "consistency": true,
      "difficulty": [
        32,
        25,
        29
      ],
      "diversity": 0.18126323819160461
    },
    "problem_31.pddl": {
      "consistency": true,
      "difficulty": [
        1,
        1,
        1
      ],
      "diversity": 0.09875635802745819
    },
    "problem_32.pddl": {
      "consistency": true,
      "difficulty": [
        6,
        6,
        6
      ],
      "diversity": 0.10663630813360214
    },
    "problem_33.pddl": {
      "consistency": true,
      "difficulty": [
        17,
        19,
        21
      ],
      "diversity": 0.1775479018688202
    },
    "problem_34.pddl": {
      "consistency": true,
      "difficulty": [
        37,
        28,
        36
      ],
      "diversity": 0.1774546205997467
    },
    "problem_35.pddl": {
      "consistency": true,
      "difficulty": [
        6,
        6,
        6
      ],
      "diversity": 0.09516619145870209
    },
    "problem_36.pddl": {
      "consistency": true,
      "difficulty": [
        6,
        6,
        6
      ],
      "diversity": 0.07963421195745468
    },
    "problem_37.pddl": {
      "consistency": true,
      "difficulty": [
        7,
        7,
        7
      ],
      "diversity": 0.21349680423736572
    },
    "problem_38.pddl": {
      "consistency": true,
      "difficulty": [
        12,
        10,
        11
      ],
      "diversity": 0.14668437838554382
    },
    "problem_39.pddl": {
      "consistency": true,
      "difficulty": [
        5,
        5,
        5
      ],
      "diversity": 0.11970581859350204
    },
    "problem_40.pddl": {
      "consistency": true,
      "difficulty": [
        39,
        43,
        47
      ],
      "diversity": 0.15377387404441833
    },
    "problem_41.pddl": {
      "consistency": true,