{
  "Consistency percentage": 1.0,
  "Mean diversity": 0.004637942789122463,
  "Mean difficulty": 82.08333333333331,
  "Std difficulty": 50.73158943564323,
  "Mean actions init": 0.0,
  "Std actions init": 0.0,
  "Mean actions goal": 0.0,
  "Std actions goal": 0.0,
  "Mean num objects": {
    "block": 10.02,
    "object": 0.0
  },
  "Std num objects": {
    "block": 1.0293687385966224,
    "object": 0.0
  },
  "Mean num atoms init": {
    "clear": 2.87,
    "handempty": 1.0,
    "holding": 0.0,
    "on": 7.15,
    "ontable": 2.87
  },
  "Std num atoms init": {
    "clear": 0.9659710140578759,
    "handempty": 0.0,
    "holding": 0.0,
    "on": 1.8241436346954698,
    "ontable": 0.9659710140578759
  },
  "Mean num atoms goal": {
    "clear": 0.0,
    "handempty": 0.0,
    "holding": 0.0,
    "on": 6.88,
    "ontable": 0.0
  },
  "Std num atoms goal": {
    "clear": 0.0,
    "handempty": 0.0,
    "holding": 0.0,
    "on": 1.5051910177781422,
    "ontable": 0.0
  },
  "Num unique consistent problems": 14,
  "Average score": 0.019321911001779095,
  "Generation time": 3.9503679275512695,
  "Problem Results": {
    "problem_0.pddl": {
      "consistency": true,
      "difficulty": [
        48,
        57,
        55
      ],
      "diversity": 0.0003205128014087677
    },
    "problem_1.pddl": {
      "consistency": true,
      "difficulty": [
        63,
        82,
        77
      ],
      "diversity": 0.006330891512334347
    },
    "problem_2.pddl": {
      "consistency": true,
      "difficulty": [
        45,
        37,
        44
      ],
      "diversity": 0.0003205128014087677
    },
    "problem_3.pddl": {
      "consistency": true,
      "difficulty": [
        85,
        89,
        88
      ],
      "diversity": 0.0016788768116384745
    },
    "problem_4.pddl": {
      "consistency": true,
      "difficulty": [
        75,
        63,
        89
      ],
      "diversity": 0.0016788768116384745
    },
    "problem_5.pddl": {
      "consistency": true,
      "difficulty": [
        29,
        30,
        50
      ],
      "diversity": 0.0003205128014087677
    },
    "problem_6.pddl": {
      "consistency": true,
      "difficulty": [
        97,
        74,
        91
      ],
      "diversity": 0.002500001108273864
    },
    "problem_7.pddl": {
      "consistency": true,
      "difficulty": [
        27,
        27,
        77
      ],
      "diversity": 0.0030555569101125
    },
    "problem_8.pddl": {
      "consistency": true,
      "difficulty": [
        223,
        193,
        256
      ],
      "diversity": 0.019719168543815613
    },
    "problem_9.pddl": {
      "consistency": true,
      "difficulty": [
        50,
        57,
        57
      ],
      "diversity": 0.013266177847981453
    },
    "problem_10.pddl": {
      "consistency": true,
      "difficulty": [
        48,
        51,
        71
      ],
      "diversity": 0.0003205128014087677
    },
    "problem_11.pddl": {
      "consistency": true,
      "difficulty": [
        48,
        35,
        54
      ],
      "diversity": 0.0030555569101125
    },
    "problem_12.pddl": {
      "consistency": true,
      "difficulty": [
        50,
        50,
        50
      ],
      "diversity": 0.023037243634462357
    },
    "problem_13.pddl": {
      "consistency": true,
      "difficulty": [
        61,
        52,
        79
      ],
      "diversity": 0.002500001108273864
    },
    "problem_14.pddl": {
      "consistency": true,
      "difficulty": [
        113,
        88,
        54
      ],
      "diversity": 0.0013736255932599306
    },
    "problem_15.pddl": {
      "consistency": true,
      "difficulty": [
        73,
        63,
        93
      ],
      "diversity": 0.0013736255932599306
    },
    "problem_16.pddl": {
      "consistency": true,
      "difficulty": [
        36,
        32,
        33
      ],
      "diversity": 0.00813797302544117
    },
    "problem_17.pddl": {
      "consistency": true,
      "difficulty": [
        97,
        55,
        73
      ],
      "diversity": 0.0003205128014087677
    },
    "problem_18.pddl": {
      "consistency": true,
      "difficulty": [
        106,
        147,
        107
      ],
      "diversity": 0.0013736255932599306
    },
    "problem_19.pddl": {
      "consistency": true,
      "difficulty": [
        26,
        29,
        63
      ],
      "diversity": 0.0003205128014087677
    },
    "problem_20.pddl": {
      "consistency": true,
      "difficulty": [
        138,
        106,
        132
      ],
      "diversity": 0.003861417528241873
    },
    "problem_21.pddl": {
      "consistency": true,
      "difficulty": [
        49,
        55,
        53
      ],
      "diversity": 0.00813797302544117
    },
    "problem_22.pddl": {
      "consistency": true,
      "difficulty": [
        73,
        65,
        129
      ],
      "diversity": 0.0013736255932599306
    },
    "problem_23.pddl": {
      "consistency": true,
      "difficulty": [
        62,
        81,
        95
      ],
      "diversity": 0.017600731924176216
    },
    "problem_24.pddl": {
      "consistency": true,
      "difficulty": [
        96,
        94,
        101
      ],
      "diversity": 0.0013736255932599306
    },
    "problem_25.pddl": {
      "consistency": true,
      "difficulty": [
        44,
        54,
        118
      ],
      "diversity": 0.003861417528241873
    },
    "problem_26.pddl": {
      "consistency": true,
      "difficulty": [
        34,
        28,
        77
      ],
      "diversity": 0.006330891512334347
    },
    "problem_27.pddl": {
      "consistency": true,
      "difficulty": [
        82,
        114,
        123
      ],
      "diversity": 0.006330891512334347
    },
    "problem_28.pddl": {
      "consistency": true,
      "difficulty": [
        81,
        85,
        103
      ],
      "diversity": 0.0013736255932599306
    },
    "problem_29.pddl": {
      "consistency": true,
      "difficulty": [
        163,
        99,
        105
      ],
      "diversity": 0.006330891512334347
    },
    "problem_30.pddl": {
      "consistency": true,
      "difficulty": [
        73,
        60,
        67
      ],
      "diversity": 0.0003205128014087677
    },
    "problem_31.pddl": {
      "consistency": true,
      "difficulty": [
        48,
        92,
        89
      ],
      "diversity": 0.0003205128014087677
    },
    "problem_32.pddl": {
      "consistency": true,
      "difficulty": [
        118,
        71,
        107
      ],
      "diversity": 0.00813797302544117
    },
    "problem_33.pddl": {
      "consistency": true,
      "difficulty": [
        73,
        68,
        98
      ],
      "diversity": 0.0013736255932599306
    },
    "problem_34.pddl": {
      "consistency": true,
      "difficulty": [
        20,
        24,
        27
      ],
      "diversity": 0.03482295200228691
    },
    "problem_35.pddl": {
      "consistency": true,
      "difficulty": [
        150,
        171,
        205
      ],
      "diversity": 0.003861417528241873
    },
    "problem_36.pddl": {
      "consistency": true,
      "difficulty": [
        66,
        43,
        81
      ],
      "diversity": 0.0013736255932599306
    },
    "problem_37.pddl": {
      "consistency": true,
      "difficulty": [
        103,
        112,
        86
      ],
      "diversity": 0.00813797302544117
    },
    "problem_38.pddl": {
      "consistency": true,
      "difficulty": [
        42,
        31,
        34
      ],
      "diversity": 0.023037243634462357
    },
    "problem_39.pddl": {
      "consistency": true,
      "difficulty": [
        42,
        36,
        49
      ],
      "diversity": 0.0003205128014087677
    },
    "problem_40.pddl": {
      "consistency": true,
      "difficulty": [
        177,
        191,
        165
      ],
      "diversity": 0.003861417528241873
    },
    "problem_41.pddl": {
      "consistency": true,