{
  "Consistency percentage": 1.0,
  "Mean diversity": 0.004637942789122463,
  "Mean difficulty": 83.08333333333331,
  "Std difficulty": 50.73158943564323,
  "Mean actions init": 0.0,
  "Std actions init": 0.0,
  "Mean actions goal": 0.0,
  "Std actions goal": 0.0,
  "Mean num objects": {
    "block": 10.02,
    "object": 0.0
  },
  "Std num objects": {
    "block": 1.0293687385966224,
    "object": 0.0
  },
  "Mean num atoms init": {
    "clear": 2.87,
    "handempty": 1.0,
    "holding": 0.0,
    "on": 7.15,
    "ontable": 2.87
  },
  "Std num atoms init": {
    "clear": 0.9659710140578759,
    "handempty": 0.0,
    "holding": 0.0,
    "on": 1.8241436346954698,
    "ontable": 0.9659710140578759
  },
  "Mean num atoms goal": {
    "clear": 0.0,
    "handempty": 0.0,
    "holding": 0.0,
    "on": 6.88,
    "ontable": 0.0
  },
  "Std num atoms goal": {
    "clear": 0.0,
    "handempty": 0.0,
    "holding": 0.0,
    "on": 1.5051910177781422,
    "ontable": 0.0
  },
  "Num unique consistent problems": 14,
  "Average score": 0.019410413038090393,
  "Generation time": 4.107999324798584,
  "Problem Results": {
    "problem_0.pddl": {
      "consistency": true,
      "difficulty": [
        49,
        58,
        56
      ],
      "diversity": 0.0003205128014087677
    },
    "problem_1.pddl": {
      "consistency": true,
      "difficulty": [
        64,
        83,
        78
      ],
      "diversity": 0.006330891512334347
    },
    "problem_2.pddl": {
      "consistency": true,
      "difficulty": [
        46,
        38,
        45
      ],
      "diversity": 0.0003205128014087677
    },
    "problem_3.pddl": {
      "consistency": true,
      "difficulty": [
        86,
        90,
        89
      ],
      "diversity": 0.0016788768116384745
    },
    "problem_4.pddl": {
      "consistency": true,
      "difficulty": [
        76,
        64,
        90
      ],
      "diversity": 0.0016788768116384745
    },
    "problem_5.pddl": {
      "consistency": true,
      "difficulty": [
        30,
        31,
        51
      ],
      "diversity": 0.0003205128014087677
    },
    "problem_6.pddl": {
      "consistency": true,
      "difficulty": [
        98,
        75,
        92
      ],
      "diversity": 0.002500001108273864
    },
    "problem_7.pddl": {
      "consistency": true,
      "difficulty": [
        28,
        28,
        78
      ],
      "diversity": 0.0030555569101125
    },
    "problem_8.pddl": {
      "consistency": true,
      "difficulty": [
        224,
        194,
        257
      ],
      "diversity": 0.019719168543815613
    },
    "problem_9.pddl": {
      "consistency": true,
      "difficulty": [
        51,
        58,
        58
      ],
      "diversity": 0.013266177847981453
    },
    "problem_10.pddl": {
      "consistency": true,
      "difficulty": [
        49,
        52,
        72
      ],
      "diversity": 0.0003205128014087677
    },
    "problem_11.pddl": {
      "consistency": true,
      "difficulty": [
        49,
        36,
        55
      ],
      "diversity": 0.0030555569101125
    },
    "problem_12.pddl": {
      "consistency": true,
      "difficulty": [
        51,
        51,
        51
      ],
      "diversity": 0.023037243634462357
    },
    "problem_13.pddl": {
      "consistency": true,
      "difficulty": [
        62,
        53,
        80
      ],
      "diversity": 0.002500001108273864
    },
    "problem_14.pddl": {
      "consistency": true,
      "difficulty": [
        114,
        89,
        55
      ],
      "diversity": 0.0013736255932599306
    },
    "problem_15.pddl": {
      "consistency": true,
      "difficulty": [
        74,
        64,
        94
      ],
      "diversity": 0.0013736255932599306
    },
    "problem_16.pddl": {
      "consistency": true,
      "difficulty": [
        37,
        33,
        34
      ],
      "diversity": 0.00813797302544117
    },
    "problem_17.pddl": {
      "consistency": true,
      "difficulty": [
        98,
        56,
        74
      ],
      "diversity": 0.0003205128014087677
    },
    "problem_18.pddl": {
      "consistency": true,
      "difficulty": [
        107,
        148,
        108
      ],
      "diversity": 0.0013736255932599306
    },
    "problem_19.pddl": {
      "consistency": true,
      "difficulty": [
        27,
        30,
        64
      ],
      "diversity": 0.0003205128014087677
    },
    "problem_20.pddl": {
      "consistency": true,
      "difficulty": [
        139,
        107,
        133
      ],
      "diversity": 0.003861417528241873
    },
    "problem_21.pddl": {
      "consistency": true,
      "difficulty": [
        50,
        56,
        54
      ],
      "diversity": 0.00813797302544117
    },
    "problem_22.pddl": {
      "consistency": true,
      "difficulty": [
        74,
        66,
        130
      ],
      "diversity": 0.0013736255932599306
    },
    "problem_23.pddl": {
      "consistency": true,
      "difficulty": [
        63,
        82,
        96
      ],
      "diversity": 0.017600731924176216
    },
    "problem_24.pddl": {
      "consistency": true,
      "difficulty": [
        97,
        95,
        102
      ],
      "diversity": 0.0013736255932599306
    },
    "problem_25.pddl": {
      "consistency": true,
      "difficulty": [
        45,
        55,
        119
      ],
      "diversity": 0.003861417528241873
    },
    "problem_26.pddl": {
      "consistency": true,
      "difficulty": [
        35,
        29,
        78
      ],
      "diversity": 0.006330891512334347
    },
    "problem_27.pddl": {
      "consistency": true,
      "difficulty": [
        83,
        115,
        124
      ],
      "diversity": 0.006330891512334347
    },
    "problem_28.pddl": {
      "consistency": true,
      "difficulty": [
        82,
        86,
        104
      ],
      "diversity": 0.0013736255932599306
    },
    "problem_29.pddl": {
      "consistency": true,
      "difficulty": [
        164,
        100,
        106
      ],
      "diversity": 0.006330891512334347
    },
    "problem_30.pddl": {
      "consistency": true,
      "difficulty": [
        74,
        61,
        68
      ],
      "diversity": 0.0003205128014087677
    },
    "problem_31.pddl": {
      "consistency": true,
      "difficulty": [
        49,
        93,
        90
      ],
      "diversity": 0.0003205128014087677
    },
    "problem_32.pddl": {
      "consistency": true,
      "difficulty": [
        119,
        72,
        108
      ],
      "diversity": 0.00813797302544117
    },
    "problem_33.pddl": {
      "consistency": true,
      "difficulty": [
        74,
        69,
        99
      ],
      "diversity": 0.0013736255932599306
    },
    "problem_34.pddl": {
      "consistency": true,
      "difficulty": [
        21,
        25,
        28
      ],
      "diversity": 0.03482295200228691
    },
    "problem_35.pddl": {
      "consistency": true,
      "difficulty": [
        151,
        172,
        206
      ],
      "diversity": 0.003861417528241873
    },
    "problem_36.pddl": {
      "consistency": true,
      "difficulty": [
        67,
        44,
        82
      ],
      "diversity": 0.0013736255932599306
    },
    "problem_37.pddl": {
      "consistency": true,
      "difficulty": [
        104,
        113,
        87
      ],
      "diversity": 0.00813797302544117
    },
    "problem_38.pddl": {
      "consistency": true,
      "difficulty": [
        43,
        32,
        35
      ],
      "diversity": 0.023037243634462357
    },
    "problem_39.pddl": {
      "consistency": true,
      "difficulty": [
        43,
        37,
        50
      ],
      "diversity": 0.0003205128014087677
    },
    "problem_40.pddl": {
      "consistency": true,
      "difficulty": [
        178,
        192,
        166
      ],
      "diversity": 0.003861417528241873
    },
    "problem_41.pddl": {
      "consistency": true,